date,day_of_week,is_weekend,is_holiday,weather,temperature,competitor_price,visitors,current_price,revenue,recommended_price
2024-01-01,0,0,1,cloudy,21,1322,2372,1223,2900956,1500
2024-01-02,1,0,0,sunny,19,1102,1314,1009,1325826,1268
2024-01-03,2,0,0,sunny,21,1125,1387,1040,1442480,1329
2024-01-04,3,0,0,cloudy,22,969,982,1009,990838,1195
2024-01-05,4,0,0,rainy,16,847,478,993,474654,893
2024-01-06,5,1,0,cloudy,15,1131,1514,1193,1806202,1427
2024-01-07,6,1,0,sunny,17,1247,1748,1188,2076624,1500
2024-01-08,0,0,0,sunny,23,1082,1152,988,1138176,1361
2024-01-09,1,0,0,cloudy,19,1007,856,1011,865416,1104
2024-01-10,2,0,0,sunny,18,1120,1044,1071,1118124,1281
2024-01-11,3,0,0,cloudy,15,1001,830,1057,877310,1135
2024-01-12,4,0,0,sunny,16,1081,1092,1045,1141140,1286
2024-01-13,5,1,0,cloudy,19,1112,1953,1108,2163924,1412
2024-01-14,6,1,1,rainy,22,1458,3310,1344,4448640,1500
2024-01-15,0,0,0,sunny,17,1098,1055,903,952665,1304
2024-01-16,1,0,0,cloudy,18,1008,808,1052,850016,1094
2024-01-17,2,0,0,sunny,20,1047,1207,1059,1278213,1279
2024-01-18,3,0,0,sunny,21,1089,1413,984,1390392,1291
2024-01-19,4,0,0,sunny,15,1082,1341,1008,1351728,1320
2024-01-20,5,1,0,sunny,18,1276,2972,1008,2995776,1500
2024-01-21,6,1,0,cloudy,15,1152,1865,1024,1909760,1475
2024-01-22,0,0,0,sunny,15,1064,1161,1093,1268973,1272
2024-01-23,1,0,0,sunny,18,1070,1128,1007,1135896,1262
2024-01-24,2,0,0,cloudy,24,1025,1270,923,1172210,1238
2024-01-25,3,0,0,cloudy,18,1039,1005,918,922590,1155
2024-01-26,4,0,1,sunny,15,1425,2665,1028,2739620,1500
2024-01-27,5,1,0,sunny,25,1266,2354,953,2243362,1500
2024-01-28,6,1,0,sunny,22,1258,3297,1193,3933321,1500
2024-01-29,0,0,0,sunny,19,1055,1471,1004,1476884,1297
2024-01-30,1,0,0,sunny,15,1071,780,1050,819000,1204
2024-01-31,2,0,0,rainy,17,863,428,993,425004,811
2024-02-01,3,0,0,cloudy,19,983,1175,1006,1182050,1180
2024-02-02,4,0,0,sunny,25,1032,1761,1031,1815591,1405
2024-02-03,5,1,0,cloudy,21,1154,1762,982,1730284,1415
2024-02-04,6,1,0,rainy,19,1053,826,1050,867300,1120
2024-02-05,0,0,0,sunny,20,1115,1223,979,1197317,1350
2024-02-06,1,0,0,sunny,20,1098,1145,947,1084315,1294
2024-02-07,2,0,0,sunny,25,1116,1266,920,1164720,1382
2024-02-08,3,0,0,rainy,22,835,767,1061,813787,993
2024-02-09,4,0,0,sunny,20,1134,1468,1037,1522316,1313
2024-02-10,5,1,0,sunny,16,1205,1892,1069,2022548,1500
2024-02-11,6,1,0,sunny,23,1367,2808,1095,3074760,1500
2024-02-12,0,0,0,sunny,23,1038,1311,957,1254627,1377
2024-02-13,1,0,0,cloudy,15,959,654,1005,657270,1137
2024-02-14,2,0,0,cloudy,24,1009,1216,1087,1321792,1272
2024-02-15,3,0,0,sunny,20,1046,1394,934,1301996,1287
2024-02-16,4,0,0,cloudy,23,1002,1488,998,1485024,1277
2024-02-17,5,1,0,cloudy,15,1205,1517,1178,1787026,1490
2024-02-18,6,1,0,sunny,20,1177,2874,1104,3172896,1500
2024-02-19,0,0,0,rainy,18,883,594,996,591624,943
2024-02-20,1,0,0,sunny,17,1130,900,1028,925200,1222
2024-02-21,2,0,0,sunny,22,1084,1352,959,1296568,1338
2024-02-22,3,0,0,sunny,23,1119,1476,1056,1558656,1437
2024-02-23,4,0,0,cloudy,15,1012,862,918,791316,1097
2024-02-24,5,1,0,cloudy,22,1143,1886,951,1793586,1491
2024-02-25,6,1,0,sunny,18,1244,3199,1051,3362149,1500
2024-02-26,0,0,0,sunny,15,1017,1082,1010,1092820,1244
2024-02-27,1,0,0,cloudy,15,969,738,1005,741690,1122
2024-02-28,2,0,0,cloudy,15,954,877,982,861214,1107
2024-02-29,3,0,0,rainy,15,909,514,1057,543298,869
2024-03-01,4,0,0,sunny,33,1082,1775,1040,1846000,1313
2024-03-02,5,1,0,sunny,39,1189,1546,998,1542908,1456
2024-03-03,6,1,0,sunny,29,1224,2848,1138,3241024,1500
2024-03-04,0,0,0,sunny,32,1087,1350,1041,1405350,1308
2024-03-05,1,0,0,sunny,30,1074,1261,1025,1292525,1359
2024-03-06,2,0,0,sunny,39,1088,874,1004,877496,1198
2024-03-07,3,0,0,sunny,39,1125,865,911,788015,1172
2024-03-08,4,0,0,sunny,37,1104,1324,1042,1379608,1183
2024-03-09,5,1,0,sunny,34,1346,2484,1172,2911248,1500
2024-03-10,6,1,0,sunny,36,1287,1949,1096,2136104,1500
2024-03-11,0,0,0,cloudy,36,1015,792,928,734976,1086
2024-03-12,1,0,0,sunny,34,1115,1243,930,1155990,1295
2024-03-13,2,0,0,sunny,30,1124,1211,1017,1231587,1362
2024-03-14,3,0,1,sunny,36,1394,2089,1241,2592449,1500
2024-03-15,4,0,1,cloudy,34,1273,3220,1111,3577420,1500
2024-03-16,5,1,0,sunny,29,1357,2496,1107,2763072,1500
2024-03-17,6,1,0,sunny,33,1207,2758,1003,2766274,1500
2024-03-18,0,0,0,sunny,40,1103,1041,1081,1125321,1177
2024-03-19,1,0,0,cloudy,27,994,1046,983,1028218,1197
2024-03-20,2,0,0,cloudy,38,1014,668,969,647292,1042
2024-03-21,3,0,0,sunny,40,1114,1013,1030,1043390,1189
2024-03-22,4,0,0,rainy,28,880,598,974,582452,1010
2024-03-23,5,1,0,cloudy,26,1234,1937,1155,2237235,1500
2024-03-24,6,1,0,sunny,31,1229,2970,1139,3382830,1500
2024-03-25,0,0,0,cloudy,30,980,1050,923,969150,1178
2024-03-26,1,0,0,sunny,36,1062,1201,1044,1253844,1268
2024-03-27,2,0,0,sunny,29,1046,1473,1100,1620300,1308
2024-03-28,3,0,0,sunny,34,1041,1140,1011,1152540,1248
2024-03-29,4,0,0,sunny,36,1064,1505,1001,1506505,1303
2024-03-30,5,1,0,sunny,39,1289,1901,1153,2191853,1500
2024-03-31,6,1,0,sunny,31,1168,2650,1150,3047500,1500
2024-04-01,0,0,0,sunny,40,1108,1040,1035,1076400,1138
2024-04-02,1,0,0,sunny,35,1086,1263,1087,1372881,1302
2024-04-03,2,0,0,sunny,40,1018,734,1097,805198,1089
2024-04-04,3,0,0,sunny,39,1069,927,977,905679,1178
2024-04-05,4,0,0,sunny,33,1007,1586,932,1478152,1250
2024-04-06,5,1,0,sunny,34,1237,2471,1128,2787288,1500
2024-04-07,6,1,0,sunny,32,1204,2501,1095,2738595,1500
2024-04-08,0,0,0,sunny,28,1093,1153,1064,1226792,1308
2024-04-09,1,0,0,sunny,29,1051,1159,1018,1179862,1317
2024-04-10,2,0,1,cloudy,28,1350,2671,1141,3047611,1500
2024-04-11,3,0,0,cloudy,31,1010,967,1027,993109,1153
2024-04-12,4,0,0,sunny,28,1020,1696,1069,1813024,1395
2024-04-13,5,1,0,cloudy,27,1097,2129,979,2084291,1500
2024-04-14,6,1,1,sunny,35,1500,5000,1153,5765000,1500
2024-04-15,0,0,0,sunny,32,1131,1192,1068,1273056,1276
2024-04-16,1,0,0,sunny,36,1048,1029,1011,1040319,1260
2024-04-17,2,0,0,cloudy,35,965,831,984,817704,1094
2024-04-18,3,0,0,sunny,40,1081,979,1078,1055362,1198
2024-04-19,4,0,0,sunny,30,1131,1643,968,1590424,1454
2024-04-20,5,1,0,sunny,33,1255,2839,1196,3395444,1500
2024-04-21,6,1,1,cloudy,37,1289,4332,1365,5913180,1500
2024-04-22,0,0,0,sunny,35,1067,1448,982,1421936,1300
2024-04-23,1,0,0,sunny,32,1096,1165,926,1078790,1254
2024-04-24,2,0,0,sunny,30,1051,1375,1051,1445125,1323
2024-04-25,3,0,0,sunny,34,1048,1240,918,1138320,1317
2024-04-26,4,0,0,sunny,34,1036,1595,960,1531200,1320
2024-04-27,5,1,0,rainy,37,1091,730,1049,765770,1037
2024-04-28,6,1,0,sunny,34,1153,2816,1083,3049728,1500
2024-04-29,0,0,0,sunny,32,1081,1201,1021,1226221,1286
2024-04-30,1,0,0,sunny,39,1045,782,1030,805460,1134
2024-05-01,2,0,1,cloudy,27,1352,2524,1075,2713300,1500
2024-05-02,3,0,1,sunny,31,1373,3162,1131,3576222,1500
2024-05-03,4,0,1,sunny,30,1417,3757,1141,4286737,1500
2024-05-04,5,1,1,sunny,34,1500,5000,1276,6380000,1500
2024-05-05,6,1,1,cloudy,34,1500,5000,1288,6440000,1500
2024-05-06,0,0,1,sunny,29,1438,4370,1108,4841960,1500
2024-05-07,1,0,1,sunny,40,1328,2608,1210,3155680,1500
2024-05-08,2,0,1,sunny,36,1391,3415,1131,3862365,1500
2024-05-09,3,0,1,sunny,33,1343,3414,1091,3724674,1500
2024-05-10,4,0,1,sunny,32,1364,3546,1248,4425408,1500
2024-05-11,5,1,1,rainy,35,1489,3715,1165,4327975,1500
2024-05-12,6,1,1,sunny,28,1500,5000,1346,6730000,1500
2024-05-13,0,0,1,rainy,35,1173,1937,1258,2436746,1491
2024-05-14,1,0,1,sunny,31,1333,3515,1130,3971950,1500
2024-05-15,2,0,1,cloudy,37,1247,1937,1249,2419313,1480
2024-05-16,3,0,1,rainy,36,1033,1520,1101,1673520,1358
2024-05-17,4,0,1,sunny,33,1302,5000,1147,5735000,1500
2024-05-18,5,1,1,sunny,31,1460,5000,1232,6160000,1500
2024-05-19,6,1,1,cloudy,29,1454,5000,1112,5560000,1500
2024-05-20,0,0,1,sunny,38,1374,2909,1220,3548980,1500
2024-05-21,1,0,1,cloudy,31,1234,2508,1192,2989536,1500
2024-05-22,2,0,1,sunny,37,1250,3185,1184,3771040,1500
2024-05-23,3,0,1,cloudy,38,1429,2037,1123,2287551,1500
2024-05-24,4,0,1,cloudy,33,1260,3192,1126,3594192,1500
2024-05-25,5,1,1,sunny,33,1443,5000,1131,5655000,1500
2024-05-26,6,1,1,sunny,39,1500,3968,1179,4678272,1500
2024-05-27,0,0,1,sunny,29,1344,3176,1094,3474544,1500
2024-05-28,1,0,1,rainy,35,1245,1382,1033,1427606,1460
2024-05-29,2,0,1,sunny,30,1315,4242,1258,5336436,1500
2024-05-30,3,0,1,sunny,38,1377,2295,1246,2859570,1500
2024-05-31,4,0,1,sunny,38,1437,3906,1250,4882500,1500
2024-06-01,5,1,1,cloudy,34,1253,2743,1337,3667391,1500
2024-06-02,6,1,1,rainy,33,1489,2045,1269,2595105,1500
2024-06-03,0,0,1,rainy,30,1151,1103,1086,1197858,1263
2024-06-04,1,0,1,cloudy,32,1292,1790,1280,2291200,1500
2024-06-05,2,0,1,cloudy,32,1280,1611,1036,1668996,1500
2024-06-06,3,0,1,cloudy,25,1273,1855,1191,2209305,1500
2024-06-07,4,0,1,cloudy,33,1321,1812,1047,1897164,1500
2024-06-08,5,1,1,sunny,30,1500,4112,1270,5222240,1500
2024-06-09,6,1,1,rainy,26,1327,2049,1170,2397330,1500
2024-06-10,0,0,1,rainy,21,1075,1021,1111,1134331,1218
2024-06-11,1,0,1,rainy,29,1195,1386,1201,1664586,1416
2024-06-12,2,0,1,cloudy,24,1298,1708,1187,2027396,1500
2024-06-13,3,0,1,cloudy,24,1342,1324,1048,1387552,1500
2024-06-14,4,0,1,rainy,31,1090,1318,1116,1470888,1366
2024-06-15,5,1,1,rainy,26,1305,2141,1366,2924606,1500
2024-06-16,6,1,0,cloudy,28,1073,1958,1129,2210582,1494
2024-06-17,0,0,1,rainy,22,953,1136,1165,1323440,1352
2024-06-18,1,0,0,rainy,26,807,576,1041,599616,957
2024-06-19,2,0,0,cloudy,22,922,769,977,751313,1105
2024-06-20,3,0,0,rainy,29,800,376,1092,410592,895
2024-06-21,4,0,0,rainy,28,832,495,949,469755,967
2024-06-22,5,1,0,rainy,23,1032,1152,1120,1290240,1182
2024-06-23,6,1,0,cloudy,27,1186,1489,1102,1640878,1499
2024-06-24,0,0,0,rainy,24,800,650,994,646100,928
2024-06-25,1,0,0,rainy,25,841,432,903,390096,925
2024-06-26,2,0,0,sunny,34,993,1332,1059,1410588,1256
2024-06-27,3,0,0,cloudy,31,920,871,1023,891033,1068
2024-06-28,4,0,0,sunny,26,1011,1348,980,1321040,1353
2024-06-29,5,1,0,rainy,22,1009,911,1169,1064959,1162
2024-06-30,6,1,0,rainy,23,1064,803,1153,925859,1174
2024-07-01,0,0,0,rainy,25,874,475,934,443650,961
2024-07-02,1,0,0,rainy,26,800,474,1097,519978,889
2024-07-03,2,0,0,sunny,33,960,886,940,832840,1176
2024-07-04,3,0,0,rainy,28,800,463,951,440313,827
2024-07-05,4,0,0,sunny,28,1025,1471,1028,1512188,1347
2024-07-06,5,1,0,sunny,26,1224,2139,1052,2250228,1500
2024-07-07,6,1,0,rainy,22,1103,974,1171,1140554,1256
2024-07-08,0,0,0,cloudy,31,944,831,950,789450,1091
2024-07-09,1,0,0,rainy,31,830,505,1032,521160,822
2024-07-10,2,0,0,cloudy,23,866,993,957,950301,1147
2024-07-11,3,0,0,cloudy,32,899,707,1032,729624,1094
2024-07-12,4,0,0,cloudy,28,913,940,983,924020,1195
2024-07-13,5,1,0,cloudy,28,1070,1781,1207,2149667,1443
2024-07-14,6,1,0,rainy,33,1064,961,1087,1044607,1167
2024-07-15,0,0,0,cloudy,33,908,1037,1066,1105442,1091
2024-07-16,1,0,0,sunny,26,991,885,914,808890,1245
2024-07-17,2,0,0,rainy,30,811,508,1041,528828,883
2024-07-18,3,0,0,rainy,30,877,611,949,579839,992
2024-07-19,4,0,0,cloudy,31,935,974,1038,1011012,1080
2024-07-20,5,1,0,rainy,25,878,1166,1079,1258114,1098
2024-07-21,6,1,0,cloudy,26,1164,2103,1093,2298579,1500
2024-07-22,0,0,0,cloudy,33,938,723,1021,738183,1079
2024-07-23,1,0,0,cloudy,29,949,662,928,614336,1115
2024-07-24,2,0,0,rainy,26,800,405,1014,410670,909
2024-07-25,3,0,0,cloudy,30,878,1051,946,994246,1166
2024-07-26,4,0,0,cloudy,25,956,1355,952,1289960,1215
2024-07-27,5,1,0,rainy,31,984,902,1161,1047222,1129
2024-07-28,6,1,0,cloudy,23,1076,1843,1129,2080747,1500
2024-07-29,0,0,0,sunny,25,1033,1145,989,1132405,1234
2024-07-30,1,0,0,rainy,21,800,282,904,254928,805
2024-07-31,2,0,0,cloudy,29,916,840,914,767760,1104
2024-08-01,3,0,1,sunny,30,1365,3096,1142,3535632,1500
2024-08-02,4,0,0,sunny,25,1014,1272,949,1207128,1344
2024-08-03,5,1,0,rainy,22,1061,692,1110,768120,1194
2024-08-04,6,1,0,rainy,27,924,1187,1201,1425587,1210
2024-08-05,0,0,0,rainy,31,808,465,1023,475695,810
2024-08-06,1,0,0,sunny,32,1062,881,1086,956766,1237
2024-08-07,2,0,0,sunny,28,1031,1152,993,1143936,1336
2024-08-08,3,0,0,cloudy,32,918,960,1086,1042560,1092
2024-08-09,4,0,0,rainy,31,857,539,995,536305,945
2024-08-10,5,1,0,rainy,21,1028,787,1020,802740,1085
2024-08-11,6,1,0,cloudy,23,1054,1695,1038,1759410,1465
2024-08-12,0,0,0,sunny,28,953,1171,901,1055071,1256
2024-08-13,1,0,0,sunny,31,972,901,1067,961367,1255
2024-08-14,2,0,0,rainy,26,863,653,1048,684344,1023
2024-08-15,3,0,1,sunny,33,1191,2296,1018,2337328,1500
2024-08-16,4,0,0,sunny,32,974,1074,901,967674,1276
2024-08-17,5,1,0,cloudy,33,1125,1611,1161,1870371,1403
2024-08-18,6,1,0,cloudy,25,1023,1646,1118,1840228,1377
2024-08-19,0,0,1,rainy,26,1225,966,1151,1111866,1377
2024-08-20,1,0,0,rainy,26,872,530,1088,576640,952
2024-08-21,2,0,0,cloudy,23,952,862,935,805970,1185
2024-08-22,3,0,0,cloudy,24,970,785,906,711210,1136
2024-08-23,4,0,0,sunny,27,1001,1778,940,1671320,1371
2024-08-24,5,1,0,rainy,25,997,1094,1205,1318270,1222
2024-08-25,6,1,0,rainy,33,917,1181,1007,1189267,1049
2024-08-26,0,0,0,cloudy,33,913,711,909,646299,1115
2024-08-27,1,0,0,cloudy,32,958,669,1001,669669,1033
2024-08-28,2,0,0,rainy,27,858,725,951,689475,1008
2024-08-29,3,0,0,sunny,30,951,1117,1017,1135989,1240
2024-08-30,4,0,0,rainy,22,800,583,976,569008,937
2024-08-31,5,1,0,sunny,27,1108,1769,1166,2062654,1500
2024-09-01,6,1,0,rainy,24,935,1775,1050,1863750,1272
2024-09-02,0,0,0,sunny,30,1130,1247,950,1184650,1328
2024-09-03,1,0,0,rainy,25,971,700,1090,763000,1016
2024-09-04,2,0,0,cloudy,27,979,953,1009,961577,1134
2024-09-05,3,0,0,cloudy,25,983,1127,978,1102206,1237
2024-09-06,4,0,0,rainy,28,860,728,1082,787696,927
2024-09-07,5,1,1,cloudy,34,1390,3827,1221,4672767,1500
2024-09-08,6,1,0,rainy,29,1129,1220,1067,1301740,1218
2024-09-09,0,0,0,cloudy,30,981,1114,941,1048274,1217
2024-09-10,1,0,0,rainy,25,889,480,1022,490560,895
2024-09-11,2,0,0,sunny,24,1120,1604,942,1510968,1419
2024-09-12,3,0,0,cloudy,31,1006,1183,986,1166438,1206
2024-09-13,4,0,0,cloudy,23,1026,1130,970,1096100,1223
2024-09-14,5,1,0,sunny,35,1247,2176,1070,2328320,1500
2024-09-15,6,1,0,rainy,26,1081,1338,1098,1469124,1274
2024-09-16,0,0,0,rainy,24,926,514,934,480076,870
2024-09-17,1,0,0,rainy,20,824,343,917,314531,868
2024-09-18,2,0,0,cloudy,32,978,969,1059,1026171,1184
2024-09-19,3,0,0,rainy,33,919,733,1084,794572,939
2024-09-20,4,0,0,cloudy,28,1002,1222,1039,1269658,1226
2024-09-21,5,1,0,sunny,33,1300,2503,1228,3073684,1500
2024-09-22,6,1,0,sunny,24,1199,2948,1158,3413784,1500
2024-09-23,0,0,0,sunny,28,1075,1390,979,1360810,1325
2024-09-24,1,0,0,rainy,21,907,663,940,623220,955
2024-09-25,2,0,0,cloudy,25,1044,1256,1000,1256000,1266
2024-09-26,3,0,0,sunny,28,1109,1556,1006,1565336,1400
2024-09-27,4,0,1,sunny,33,1368,3033,1171,3551643,1500
2024-09-28,5,1,0,rainy,26,1088,1325,1183,1567475,1320
2024-09-29,6,1,0,cloudy,23,1164,2002,1094,2190188,1500
2024-09-30,0,0,0,rainy,29,864,649,1058,686642,995
2024-10-01,1,0,0,sunny,23,1291,1339,1036,1387204,1448
2024-10-02,2,0,1,cloudy,26,1434,3078,1071,3296538,1500
2024-10-03,3,0,0,rainy,20,1020,664,921,611544,953
2024-10-04,4,0,0,sunny,32,1316,1883,1087,2046821,1500
2024-10-05,5,1,0,sunny,27,1469,3588,1131,4058028,1500
2024-10-06,6,1,0,rainy,16,1287,897,1114,999258,1241
2024-10-07,0,0,0,sunny,22,1205,1706,932,1589992,1471
2024-10-08,1,0,0,rainy,26,1006,772,1005,775860,1105
2024-10-09,2,0,0,cloudy,20,1083,1146,1004,1150584,1161
2024-10-10,3,0,0,sunny,26,1242,1690,934,1578460,1480
2024-10-11,4,0,0,sunny,32,1296,1506,905,1362930,1463
2024-10-12,5,1,1,cloudy,21,1500,4697,1191,5594127,1500
2024-10-13,6,1,0,cloudy,26,1420,2369,1090,2582210,1500
2024-10-14,0,0,0,sunny,31,1152,1593,1028,1637604,1421
2024-10-15,1,0,0,sunny,21,1277,1684,917,1544228,1438
2024-10-16,2,0,0,sunny,29,1189,1466,1058,1551028,1437
2024-10-17,3,0,0,cloudy,25,1159,1201,975,1170975,1378
2024-10-18,4,0,0,rainy,26,1046,918,1087,997866,1083
2024-10-19,5,1,0,sunny,23,1484,3337,1044,3483828,1500
2024-10-20,6,1,0,cloudy,28,1383,3017,1215,3665655,1500
2024-10-21,0,0,0,sunny,32,1231,1555,1049,1631195,1365
2024-10-22,1,0,0,sunny,24,1250,1449,1013,1467837,1475
2024-10-23,2,0,0,cloudy,24,1142,1239,962,1191918,1277
2024-10-24,3,0,1,cloudy,27,1363,2948,1238,3649624,1500
2024-10-25,4,0,1,sunny,23,1456,5000,1242,6210000,1500
2024-10-26,5,1,1,cloudy,26,1500,5000,1192,5960000,1500
2024-10-27,6,1,1,sunny,20,1500,5000,1340,6700000,1500
2024-10-28,0,0,1,cloudy,28,1331,2808,1039,2917512,1500
2024-10-29,1,0,0,sunny,23,1202,1373,942,1293366,1438
2024-10-30,2,0,0,sunny,30,1236,1561,1007,1571927,1473
2024-10-31,3,0,0,cloudy,29,1170,1483,1050,1557150,1336
2024-11-01,4,0,1,sunny,27,1500,5000,1156,5780000,1500
2024-11-02,5,1,0,cloudy,22,1263,1989,1031,2050659,1500
2024-11-03,6,1,0,cloudy,27,1374,2885,1049,3026365,1500
2024-11-04,0,0,0,sunny,28,1269,1562,1054,1646348,1424
2024-11-05,1,0,0,sunny,23,1281,1498,936,1402128,1412
2024-11-06,2,0,0,cloudy,18,1155,1155,1019,1176945,1234
2024-11-07,3,0,0,rainy,27,986,761,993,755673,1047
2024-11-08,4,0,0,cloudy,24,1153,1474,1029,1516746,1319
2024-11-09,5,1,0,sunny,25,1421,2803,1041,2917923,1500
2024-11-10,6,1,0,cloudy,24,1332,2993,1138,3406034,1500
2024-11-11,0,0,0,sunny,24,1245,1867,924,1725108,1488
2024-11-12,1,0,0,sunny,25,1238,1374,923,1268202,1360
2024-11-13,2,0,0,sunny,22,1200,1370,966,1323420,1423
2024-11-14,3,0,1,sunny,21,1500,4150,1101,4569150,1500
2024-11-15,4,0,0,rainy,21,1128,884,1019,900796,1099
2024-11-16,5,1,0,cloudy,25,1276,2346,1139,2672094,1500
2024-11-17,6,1,0,rainy,25,1295,1320,1090,1438800,1376
2024-11-18,0,0,0,sunny,31,1288,1463,1043,1525909,1368
2024-11-19,1,0,0,rainy,15,1073,389,925,359825,950
2024-11-20,2,0,0,rainy,27,1072,650,939,610350,1024
2024-11-21,3,0,0,sunny,28,1239,1843,922,1699246,1459
2024-11-22,4,0,0,sunny,22,1245,1829,952,1741208,1500
2024-11-23,5,1,0,cloudy,26,1314,2212,1196,2645552,1500
2024-11-24,6,1,0,sunny,20,1428,3374,1187,4004938,1500
2024-11-25,0,0,0,sunny,28,1315,1645,919,1511755,1451
2024-11-26,1,0,0,cloudy,28,1094,1335,915,1221525,1304
2024-11-27,2,0,1,cloudy,21,1472,2383,1166,2778578,1500
2024-11-28,3,0,0,sunny,21,1227,1446,1021,1476366,1337
2024-11-29,4,0,0,rainy,17,1082,538,901,484738,1038
2024-11-30,5,1,0,sunny,25,1436,3368,1062,3576816,1500
2024-12-01,6,1,0,cloudy,21,1332,2089,1055,2203895,1500
2024-12-02,0,0,0,sunny,24,1239,1610,982,1581020,1431
2024-12-03,1,0,0,cloudy,22,1137,1219,1082,1318958,1264
2024-12-04,2,0,0,cloudy,15,1210,848,1052,892096,1260
2024-12-05,3,0,0,cloudy,15,1152,923,953,879619,1178
2024-12-06,4,0,0,sunny,17,1263,1719,939,1614141,1399
2024-12-07,5,1,0,cloudy,18,1274,2425,1010,2449250,1500
2024-12-08,6,1,0,cloudy,22,1391,2561,988,2530268,1500
2024-12-09,0,0,0,cloudy,15,1156,799,985,787015,1198
2024-12-10,1,0,0,cloudy,20,1135,925,993,918525,1191
2024-12-11,2,0,0,cloudy,23,1129,1092,1043,1138956,1264
2024-12-12,3,0,0,sunny,16,1161,1211,914,1106854,1389
2024-12-13,4,0,0,sunny,15,1202,1281,1008,1291248,1311
2024-12-14,5,1,0,cloudy,24,1410,2704,1134,3066336,1500
2024-12-15,6,1,0,sunny,23,1333,3816,975,3720600,1500
2024-12-16,0,0,0,sunny,15,1214,1052,1030,1083560,1332
2024-12-17,1,0,0,cloudy,16,1223,926,917,849142,1156
2024-12-18,2,0,0,sunny,16,1183,1150,1040,1196000,1351
2024-12-19,3,0,0,sunny,23,1154,1944,958,1862352,1497
2024-12-20,4,0,1,cloudy,19,1407,2467,1148,2832116,1500
2024-12-21,5,1,1,sunny,17,1500,4855,1311,6364905,1500
2024-12-22,6,1,1,rainy,16,1500,2086,1180,2461480,1500
2024-12-23,0,0,1,sunny,15,1500,2340,1283,3002220,1500
2024-12-24,1,0,1,cloudy,20,1478,2240,1098,2459520,1500
2024-12-25,2,0,1,cloudy,16,1430,1787,1203,2149761,1500
2024-12-26,3,0,1,cloudy,23,1483,2406,1273,3062838,1500
2024-12-27,4,0,1,sunny,20,1453,4342,1235,5362370,1500
2024-12-28,5,1,1,sunny,23,1500,5000,1286,6430000,1500
2024-12-29,6,1,1,sunny,22,1500,5000,1301,6505000,1500
2024-12-30,0,0,1,sunny,19,1500,2837,1207,3424259,1500
2024-12-31,1,0,1,sunny,21,1500,3083,1222,3767426,1500
2025-01-01,2,0,1,cloudy,16,1242,1500,1259,1888500,1485
2025-01-02,3,0,0,sunny,19,1124,1522,906,1378932,1341
2025-01-03,4,0,0,sunny,25,1045,1760,1088,1914880,1393
2025-01-04,5,1,0,sunny,19,1314,2489,1215,3024135,1500
2025-01-05,6,1,0,cloudy,20,1113,2344,1121,2627624,1500
2025-01-06,0,0,0,sunny,24,1098,1266,920,1164720,1339
2025-01-07,1,0,0,sunny,18,1083,1063,913,970519,1297
2025-01-08,2,0,0,cloudy,17,990,739,1036,765604,1089
2025-01-09,3,0,0,cloudy,23,1006,1323,990,1309770,1213
2025-01-10,4,0,0,sunny,19,1060,1444,901,1301044,1295
2025-01-11,5,1,0,sunny,16,1272,2235,1034,2310990,1500
2025-01-12,6,1,0,sunny,21,1121,3198,1168,3735264,1500
2025-01-13,0,0,0,sunny,20,1074,1307,901,1177607,1284
2025-01-14,1,0,1,sunny,20,1398,2482,1134,2814588,1500
2025-01-15,2,0,0,rainy,22,836,625,1013,633125,992
2025-01-16,3,0,0,cloudy,21,1018,987,1024,1010688,1179
2025-01-17,4,0,0,cloudy,15,1011,970,946,917620,1148
2025-01-18,5,1,0,cloudy,17,1209,1490,1160,1728400,1401
2025-01-19,6,1,0,cloudy,19,1147,2375,1072,2546000,1500
2025-01-20,0,0,0,cloudy,21,967,1055,1006,1061330,1154
2025-01-21,1,0,0,sunny,16,1090,816,1087,886992,1247
2025-01-22,2,0,0,sunny,20,1049,1128,1026,1157328,1282
2025-01-23,3,0,0,sunny,17,1055,1166,1047,1220802,1271
2025-01-24,4,0,0,sunny,17,1079,1402,932,1306664,1286
2025-01-25,5,1,0,sunny,24,1173,2916,1147,3344652,1500
2025-01-26,6,1,1,cloudy,18,1452,4728,1294,6118032,1500
2025-01-27,0,0,0,sunny,23,1042,1300,1020,1326000,1309
2025-01-28,1,0,0,cloudy,15,954,733,1053,771849,1100
2025-01-29,2,0,0,cloudy,24,961,1047,997,1043859,1184
2025-01-30,3,0,0,sunny,23,1017,1786,1049,1873514,1396
2025-01-31,4,0,0,sunny,17,1006,1319,1000,1319000,1251
2025-02-01,5,1,0,sunny,21,1163,2451,1115,2732865,1500
2025-02-02,6,1,0,sunny,22,1243,3316,1038,3442008,1500
2025-02-03,0,0,0,sunny,22,1127,1486,928,1379008,1398
2025-02-04,1,0,0,sunny,23,1067,1308,1018,1331544,1305
2025-02-05,2,0,0,sunny,20,1038,1197,988,1182636,1218
2025-02-06,3,0,0,sunny,18,1037,1343,1089,1462527,1259
2025-02-07,4,0,0,sunny,17,1051,1125,1035,1164375,1260
2025-02-08,5,1,0,rainy,15,1177,754,1039,783406,1128
2025-02-09,6,1,0,sunny,21,1330,2860,1087,3108820,1500
2025-02-10,0,0,0,sunny,24,1008,1280,1048,1341440,1343
2025-02-11,1,0,0,sunny,16,1114,920,1037,954040,1237
2025-02-12,2,0,0,sunny,16,1086,935,1019,952765,1176
2025-02-13,3,0,0,cloudy,18,974,1111,1008,1119888,1132
2025-02-14,4,0,0,cloudy,16,994,1087,936,1017432,1171
2025-02-15,5,1,0,cloudy,21,1212,2303,1154,2657662,1500
2025-02-16,6,1,0,cloudy,15,1240,1987,1096,2177752,1500
2025-02-17,0,0,0,rainy,22,909,583,1016,592328,998
2025-02-18,1,0,0,sunny,23,1053,1350,1061,1432350,1330
2025-02-19,2,0,0,sunny,24,1120,1152,962,1108224,1341
2025-02-20,3,0,0,sunny,23,1052,1331,902,1200562,1376
2025-02-21,4,0,0,sunny,19,1035,1540,949,1461460,1328
2025-02-22,5,1,0,cloudy,16,1242,1760,1163,2046880,1500
2025-02-23,6,1,0,sunny,22,1268,3043,1170,3560310,1500
2025-02-24,0,0,0,rainy,21,981,552,970,535440,908
2025-02-25,1,0,0,sunny,16,1040,1039,1031,1071209,1243
2025-02-26,2,0,0,sunny,18,1017,1020,962,981240,1176
2025-02-27,3,0,0,cloudy,19,975,937,1060,993220,1152
2025-02-28,4,0,0,sunny,18,1119,1556,985,1532660,1397
2025-03-01,5,1,0,sunny,29,1210,2913,1034,3012042,1500
2025-03-02,6,1,0,sunny,33,1273,2517,1008,2537136,1500
2025-03-03,0,0,0,sunny,38,1085,1146,914,1047444,1202
2025-03-04,1,0,0,cloudy,34,1002,850,947,804950,1110
2025-03-05,2,0,0,sunny,33,1056,1299,944,1226256,1301
2025-03-06,3,0,0,sunny,38,1090,1268,1035,1312380,1210
2025-03-07,4,0,0,sunny,31,1080,1363,932,1270316,1270
2025-03-08,5,1,0,sunny,40,1146,1583,1176,1861608,1447
2025-03-09,6,1,0,rainy,32,1047,1555,1059,1646745,1192
2025-03-10,0,0,0,sunny,34,1134,1212,907,1099284,1288
2025-03-11,1,0,0,sunny,30,1117,1343,921,1236903,1366
2025-03-12,2,0,0,cloudy,32,1019,965,1064,1026760,1186
2025-03-13,3,0,0,sunny,30,1055,1568,1004,1574272,1406
2025-03-14,4,0,1,sunny,39,1306,2594,1050,2723700,1500
2025-03-15,5,1,1,sunny,35,1500,5000,1259,6295000,1500
2025-03-16,6,1,0,sunny,30,1253,2479,1213,3007027,1500
2025-03-17,0,0,0,rainy,35,840,660,913,602580,968
2025-03-18,1,0,0,sunny,32,1068,1126,926,1042676,1278
2025-03-19,2,0,0,sunny,36,1026,1144,986,1127984,1232
2025-03-20,3,0,0,sunny,35,1066,1114,940,1047160,1279
2025-03-21,4,0,0,sunny,35,1027,1406,1016,1428496,1236
2025-03-22,5,1,0,sunny,28,1371,2924,1102,3222248,1500
2025-03-23,6,1,0,sunny,39,1236,1905,1038,1977390,1500
2025-03-24,0,0,0,sunny,28,1104,1351,930,1256430,1310
2025-03-25,1,0,0,sunny,40,1078,763,1063,811069,1162
2025-03-26,2,0,0,sunny,40,1051,1024,963,986112,1144
2025-03-27,3,0,0,sunny,36,1123,1099,1055,1159445,1316
2025-03-28,4,0,0,sunny,29,1063,1715,908,1557220,1432
2025-03-29,5,1,0,sunny,36,1323,1896,1044,1979424,1500
2025-03-30,6,1,0,sunny,40,1202,2202,1058,2329716,1457
2025-03-31,0,0,0,rainy,34,906,508,932,473456,956
2025-04-01,1,0,0,sunny,38,1134,1019,936,953784,1185
2025-04-02,2,0,0,sunny,28,1086,1258,1087,1367446,1316
2025-04-03,3,0,0,cloudy,28,997,1237,1008,1246896,1214
2025-04-04,4,0,0,sunny,30,1114,1610,930,1497300,1370
2025-04-05,5,1,0,sunny,32,1319,2549,1093,2786057,1500
2025-04-06,6,1,0,cloudy,28,1218,2173,1194,2594562,1500
2025-04-07,0,0,0,sunny,37,1102,1074,1004,1078296,1231
2025-04-08,1,0,0,cloudy,32,992,855,1100,940500,1136
2025-04-09,2,0,0,rainy,32,885,533,928,494624,882
2025-04-10,3,0,1,cloudy,32,1308,1864,1164,2169696,1500
2025-04-11,4,0,0,sunny,29,1113,1534,987,1514058,1391
2025-04-12,5,1,0,sunny,34,1149,2305,1155,2662275,1500
2025-04-13,6,1,0,cloudy,31,1138,1708,1188,2029104,1447
2025-04-14,0,0,1,cloudy,39,1374,1667,1114,1857038,1500
2025-04-15,1,0,0,sunny,37,1114,1116,1094,1220904,1176
2025-04-16,2,0,0,sunny,40,1047,929,916,850964,1173
2025-04-17,3,0,0,sunny,34,1093,1124,1037,1165588,1285
2025-04-18,4,0,0,sunny,29,1076,1590,1036,1647240,1348
2025-04-19,5,1,0,sunny,31,1201,2405,985,2368925,1500
2025-04-20,6,1,0,sunny,40,1210,1646,1034,1701964,1453
2025-04-21,0,0,1,sunny,30,1368,2839,1266,3594174,1500
2025-04-22,1,0,0,sunny,39,1097,942,927,873234,1194
2025-04-23,2,0,0,sunny,33,1073,1303,904,1177912,1257
2025-04-24,3,0,0,sunny,33,1027,1076,1070,1151320,1246
2025-04-25,4,0,0,sunny,35,1120,1614,1078,1739892,1395
2025-04-26,5,1,0,sunny,34,1329,3020,1091,3294820,1500
2025-04-27,6,1,0,sunny,30,1290,3037,1218,3699066,1500
2025-04-28,0,0,0,cloudy,27,965,1042,1016,1058672,1175
2025-04-29,1,0,0,sunny,30,1079,1314,1018,1337652,1358
2025-04-30,2,0,0,sunny,34,1088,1499,963,1443537,1282
2025-05-01,3,0,1,sunny,29,1329,4207,1266,5326062,1500
2025-05-02,4,0,1,cloudy,39,1396,2272,1160,2635520,1500
2025-05-03,5,1,1,cloudy,36,1500,5000,1218,6090000,1500
2025-05-04,6,1,1,sunny,38,1412,5000,1300,6500000,1500
2025-05-05,0,0,1,sunny,35,1324,3891,1200,4669200,1500
2025-05-06,1,0,1,rainy,31,1200,1370,1035,1417950,1254
2025-05-07,2,0,1,sunny,30,1292,3471,1222,4241562,1500
2025-05-08,3,0,1,rainy,34,1124,1890,1104,2086560,1481
2025-05-09,4,0,1,sunny,33,1358,4348,1090,4739320,1500
2025-05-10,5,1,1,rainy,31,1346,2157,1295,2793315,1500
2025-05-11,6,1,1,sunny,28,1452,5000,1233,6165000,1500
2025-05-12,0,0,1,rainy,33,1158,1640,1149,1884360,1383
2025-05-13,1,0,1,cloudy,34,1273,2474,1149,2842626,1500
2025-05-14,2,0,1,sunny,36,1314,2743,1140,3127020,1500
2025-05-15,3,0,1,rainy,34,1317,2305,1125,2593125,1461
2025-05-16,4,0,1,sunny,29,1402,4806,1240,5959440,1500
2025-05-17,5,1,1,sunny,32,1500,5000,1191,5955000,1500
2025-05-18,6,1,1,sunny,30,1500,5000,1137,5685000,1500
2025-05-19,0,0,1,sunny,32,1466,2743,1262,3461666,1500
2025-05-20,1,0,1,sunny,35,1407,4075,1262,5142650,1500
2025-05-21,2,0,1,sunny,38,1440,3177,1166,3704382,1500
2025-05-22,3,0,1,rainy,24,1219,2123,1120,2377760,1467
2025-05-23,4,0,1,sunny,32,1332,4746,1229,5832834,1500
2025-05-24,5,1,1,sunny,38,1500,4884,1236,6036624,1500
2025-05-25,6,1,1,cloudy,38,1500,5000,1199,5995000,1500
2025-05-26,0,0,1,cloudy,34,1285,3034,1185,3595290,1500
2025-05-27,1,0,1,sunny,33,1433,3789,1273,4823397,1500
2025-05-28,2,0,1,cloudy,39,1217,1573,1182,1859286,1500
2025-05-29,3,0,1,rainy,25,1225,1678,1114,1869292,1449
2025-05-30,4,0,1,sunny,34,1354,3304,1218,4024272,1500
2025-05-31,5,1,1,sunny,34,1500,5000,1229,6145000,1500
2025-06-01,6,1,1,rainy,26,1341,2352,1133,2664816,1500
2025-06-02,0,0,1,rainy,29,1180,736,1018,749248,1304
2025-06-03,1,0,1,rainy,33,1100,885,1169,1034565,1314
2025-06-04,2,0,1,rainy,21,1197,989,1181,1168009,1377
2025-06-05,3,0,1,cloudy,26,1336,1903,1063,2022889,1500
2025-06-06,4,0,1,sunny,30,1375,2729,1175,3206575,1500
2025-06-07,5,1,1,rainy,24,1170,2298,1225,2815050,1500
2025-06-08,6,1,1,cloudy,30,1311,3197,1232,3938704,1500
2025-06-09,0,0,1,cloudy,26,1329,1941,1114,2162274,1500
2025-06-10,1,0,1,cloudy,31,1183,1460,1178,1719880,1379
2025-06-11,2,0,1,sunny,29,1331,3066,1076,3299016,1500
2025-06-12,3,0,1,rainy,24,1075,884,1121,990964,1452
2025-06-13,4,0,1,rainy,30,1155,1479,1081,1598799,1403
2025-06-14,5,1,1,rainy,25,1226,1555,1321,2054155,1500
2025-06-15,6,1,1,cloudy,26,1386,4415,1186,5236190,1500
2025-06-16,0,0,0,sunny,33,930,980,1038,1017240,1151
2025-06-17,1,0,1,sunny,27,1197,2647,1076,2848172,1500
2025-06-18,2,0,0,rainy,29,863,586,1001,586586,936
2025-06-19,3,0,0,cloudy,26,970,897,1027,921219,1145
2025-06-20,4,0,0,cloudy,28,898,952,977,930104,1182
2025-06-21,5,1,0,rainy,29,1007,1044,1076,1123344,1175
2025-06-22,6,1,0,cloudy,27,1133,1796,1145,2056420,1500
2025-06-23,0,0,0,rainy,28,837,380,943,358340,865
2025-06-24,1,0,0,rainy,31,847,342,1046,357732,862
2025-06-25,2,0,0,cloudy,27,956,902,997,899294,1174
2025-06-26,3,0,0,rainy,23,832,538,980,527240,901
2025-06-27,4,0,0,rainy,31,800,667,1019,679673,829
2025-06-28,5,1,0,cloudy,32,1176,1474,1064,1568336,1360
2025-06-29,6,1,0,cloudy,29,1054,1470,1012,1487640,1408
2025-06-30,0,0,0,rainy,22,813,483,960,463680,837
2025-07-01,1,0,0,cloudy,32,919,657,940,617580,1092
2025-07-02,2,0,0,rainy,21,800,386,1092,421512,847
2025-07-03,3,0,0,cloudy,29,893,753,1054,793662,1155
2025-07-04,4,0,0,cloudy,31,950,862,1006,867172,1062
2025-07-05,5,1,0,cloudy,27,1182,2051,1166,2391466,1500
2025-07-06,6,1,0,rainy,23,1027,848,1144,970112,1217
2025-07-07,0,0,0,rainy,32,831,362,930,336660,825
2025-07-08,1,0,0,sunny,33,1013,830,945,784350,1221
2025-07-09,2,0,0,cloudy,30,912,653,1082,706546,1120
2025-07-10,3,0,0,cloudy,33,934,753,983,740199,1098
2025-07-11,4,0,0,rainy,26,858,503,1069,537707,948
2025-07-12,5,1,0,sunny,34,1225,2066,1188,2454408,1500
2025-07-13,6,1,0,cloudy,23,977,2247,1111,2496417,1500
2025-07-14,0,0,0,rainy,29,800,481,970,466570,952
2025-07-15,1,0,0,rainy,22,820,451,1020,460020,877
2025-07-16,2,0,0,rainy,24,800,492,1002,492984,866
2025-07-17,3,0,0,cloudy,26,971,701,1072,751472,1142
2025-07-18,4,0,0,rainy,27,800,746,966,720636,931
2025-07-19,5,1,0,sunny,31,1209,1551,1113,1726263,1500
2025-07-20,6,1,0,rainy,31,923,1089,1104,1202256,1171
2025-07-21,0,0,0,rainy,27,829,299,935,279565,932
2025-07-22,1,0,0,cloudy,29,924,688,1035,712080,1116
2025-07-23,2,0,0,rainy,28,800,657,1034,679338,964
2025-07-24,3,0,0,cloudy,34,883,702,1028,721656,1027
2025-07-25,4,0,0,sunny,35,1074,1468,990,1453320,1293
2025-07-26,5,1,0,cloudy,30,1043,1428,1017,1452276,1398
2025-07-27,6,1,0,sunny,25,1131,2676,1055,2823180,1500
2025-07-28,0,0,0,sunny,32,997,846,1081,914526,1201
2025-07-29,1,0,0,cloudy,30,945,721,920,663320,1108
2025-07-30,2,0,0,rainy,28,815,451,966,435666,955
2025-07-31,3,0,0,cloudy,26,897,1068,995,1062660,1200
2025-08-01,4,0,1,rainy,25,1184,1382,1095,1513290,1490
2025-08-02,5,1,0,sunny,26,1256,2129,1065,2267385,1500
2025-08-03,6,1,0,rainy,27,1026,1170,1020,1193400,1153
2025-08-04,0,0,0,cloudy,33,987,686,956,655816,1091
2025-08-05,1,0,0,cloudy,29,989,655,1059,693645,1118
2025-08-06,2,0,0,sunny,30,971,1113,1017,1131921,1265
2025-08-07,3,0,0,sunny,28,1031,1403,947,1328641,1304
2025-08-08,4,0,0,rainy,28,800,726,913,662838,861
2025-08-09,5,1,0,rainy,29,954,952,1164,1108128,1155
2025-08-10,6,1,0,rainy,22,1016,1206,1094,1319364,1285
2025-08-11,0,0,0,rainy,27,800,547,940,514180,962
2025-08-12,1,0,0,sunny,27,1037,872,958,835376,1292
2025-08-13,2,0,0,rainy,21,880,405,982,397710,876
2025-08-14,3,0,0,cloudy,30,878,933,932,869556,1142
2025-08-15,4,0,1,cloudy,23,1280,2395,1082,2591390,1500
2025-08-16,5,1,0,rainy,27,825,1435,1093,1568455,1123
2025-08-17,6,1,0,cloudy,30,1105,2024,1117,2260808,1458
2025-08-18,0,0,0,rainy,22,814,447,1066,476502,916
2025-08-19,1,0,1,sunny,32,1410,1480,1196,1770080,1500
2025-08-20,2,0,0,sunny,32,939,836,1060,886160,1176
2025-08-21,3,0,0,rainy,31,800,410,925,379250,878
2025-08-22,4,0,0,sunny,28,957,1760,1064,1872640,1352
2025-08-23,5,1,0,cloudy,32,1205,1757,1046,1837822,1382
2025-08-24,6,1,0,sunny,31,1198,1995,1122,2238390,1500
2025-08-25,0,0,0,sunny,31,1019,1011,1024,1035264,1200
2025-08-26,1,0,0,rainy,21,817,385,1071,412335,800
2025-08-27,2,0,0,rainy,21,800,491,983,482653,800
2025-08-28,3,0,0,rainy,24,800,660,987,651420,900
2025-08-29,4,0,0,rainy,28,800,450,991,445950,844
2025-08-30,5,1,0,cloudy,32,1099,1556,1086,1689816,1373
2025-08-31,6,1,0,rainy,21,948,692,1160,802720,1061
2025-09-01,0,0,0,rainy,27,962,719,1009,725471,1052
2025-09-02,1,0,0,rainy,24,937,506,1089,551034,977
2025-09-03,2,0,0,rainy,28,866,725,906,656850,965
2025-09-04,3,0,0,cloudy,27,979,1238,1080,1337040,1219
2025-09-05,4,0,0,cloudy,30,1021,1278,1057,1350846,1236
2025-09-06,5,1,0,cloudy,24,1146,1892,1121,2120932,1476
2025-09-07,6,1,1,sunny,34,1500,4695,1293,6070635,1500
2025-09-08,0,0,0,rainy,27,961,484,933,451572,1002
2025-09-09,1,0,0,cloudy,25,1032,878,945,829710,1248
2025-09-10,2,0,0,cloudy,32,1009,889,1093,971677,1133
2025-09-11,3,0,0,sunny,33,1114,1138,958,1090204,1248
2025-09-12,4,0,0,rainy,21,935,791,1079,853489,900
2025-09-13,5,1,0,cloudy,29,1136,2047,1205,2466635,1500
2025-09-14,6,1,0,cloudy,33,1220,1755,1108,1944540,1443
2025-09-15,0,0,0,cloudy,33,960,1080,933,1007640,1132
2025-09-16,1,0,0,rainy,21,874,519,910,472290,812
2025-09-17,2,0,0,cloudy,24,1031,977,1081,1056137,1247
2025-09-18,3,0,0,rainy,25,896,610,920,561200,1053
2025-09-19,4,0,0,rainy,22,925,951,913,868263,1036
2025-09-20,5,1,0,rainy,24,1056,1513,1193,1805009,1256
2025-09-21,6,1,0,rainy,19,1011,1368,1124,1537632,1143
2025-09-22,0,0,0,sunny,35,1088,1169,1094,1278886,1298
2025-09-23,1,0,0,rainy,24,929,466,986,459476,974
2025-09-24,2,0,0,rainy,24,960,582,1089,633798,996
2025-09-25,3,0,0,rainy,28,973,574,964,553336,1043
2025-09-26,4,0,0,cloudy,26,1038,1609,917,1475453,1279
2025-09-27,5,1,1,rainy,21,1500,2853,1259,3591927,1500
2025-09-28,6,1,0,cloudy,29,1193,2192,1170,2564640,1500
2025-09-29,0,0,0,rainy,30,906,516,1063,548508,980
2025-09-30,1,0,0,rainy,25,920,463,967,447721,979
2025-10-01,2,0,0,cloudy,24,1078,1249,1046,1306454,1269
2025-10-02,3,0,1,cloudy,30,1480,2990,1219,3644810,1500
2025-10-03,4,0,0,sunny,24,1203,2114,992,2097088,1500
2025-10-04,5,1,0,rainy,30,1075,1707,1002,1710414,1347
2025-10-05,6,1,0,cloudy,18,1426,2727,986,2688822,1500
2025-10-06,0,0,0,sunny,23,1145,1522,933,1420026,1356
2025-10-07,1,0,0,sunny,24,1273,1322,1092,1443624,1475
2025-10-08,2,0,0,rainy,16,1026,615,959,589785,1002
2025-10-09,3,0,0,sunny,26,1247,1739,905,1573795,1473
2025-10-10,4,0,0,sunny,28,1223,1766,1093,1930238,1487
2025-10-11,5,1,0,cloudy,28,1333,2514,1145,2878530,1500
2025-10-12,6,1,1,cloudy,26,1500,4683,1152,5394816,1500
2025-10-13,0,0,0,cloudy,26,1143,1155,933,1077615,1256
2025-10-14,1,0,0,cloudy,30,1119,1069,942,1006998,1223
2025-10-15,2,0,0,cloudy,23,1137,1141,1094,1248254,1274
2025-10-16,3,0,0,sunny,24,1271,1633,995,1624835,1500
2025-10-17,4,0,0,cloudy,23,1149,1617,950,1536150,1375
2025-10-18,5,1,0,sunny,27,1317,3275,1208,3956200,1500
2025-10-19,6,1,0,cloudy,22,1364,2539,1125,2856375,1500
2025-10-20,0,0,0,cloudy,30,1166,1501,1084,1627084,1295
2025-10-21,1,0,0,sunny,32,1234,1795,1003,1800385,1439
2025-10-22,2,0,0,cloudy,30,1216,1161,930,1079730,1287
2025-10-23,3,0,0,sunny,21,1281,1529,1076,1645204,1428
2025-10-24,4,0,1,sunny,29,1500,3563,1149,4093887,1500
2025-10-25,5,1,1,sunny,31,1500,5000,1203,6015000,1500
2025-10-26,6,1,1,rainy,21,1500,2262,1168,2642016,1500
2025-10-27,0,0,1,sunny,21,1500,3148,1058,3330584,1500
2025-10-28,1,0,1,cloudy,27,1276,2427,1128,2737656,1500
2025-10-29,2,0,0,sunny,27,1238,2026,1067,2161742,1480
2025-10-30,3,0,0,sunny,27,1211,2036,952,1938272,1477
2025-10-31,4,0,0,sunny,31,1166,1603,973,1559719,1331
2025-11-01,5,1,1,sunny,32,1500,5000,1269,6345000,1500
2025-11-02,6,1,0,sunny,25,1406,3882,1106,4293492,1500
2025-11-03,0,0,0,cloudy,21,1105,975,1010,984750,1155
2025-11-04,1,0,0,rainy,18,988,641,1070,685870,948
2025-11-05,2,0,0,sunny,25,1235,1578,1097,1731066,1500
2025-11-06,3,0,0,sunny,29,1285,1806,986,1780716,1474
2025-11-07,4,0,0,cloudy,28,1147,1491,1025,1528275,1351
2025-11-08,5,1,0,sunny,20,1384,3254,1083,3524082,1500
2025-11-09,6,1,0,cloudy,20,1245,2098,1122,2353956,1500
2025-11-10,0,0,0,sunny,23,1221,1536,1039,1595904,1433
2025-11-11,1,0,0,sunny,21,1229,1322,997,1318034,1385
2025-11-12,2,0,0,cloudy,29,1128,1237,917,1134329,1342
2025-11-13,3,0,0,sunny,25,1196,1774,1026,1820124,1482
2025-11-14,4,0,1,cloudy,21,1415,3337,1165,3887605,1500
2025-11-15,5,1,0,sunny,28,1372,3559,1087,3868633,1500
2025-11-16,6,1,0,cloudy,20,1162,2580,1062,2739960,1500
2025-11-17,0,0,0,sunny,23,1231,1917,1068,2047356,1500
2025-11-18,1,0,0,rainy,24,1104,638,1087,693506,1059
2025-11-19,2,0,0,sunny,32,1260,1297,915,1186755,1389
2025-11-20,3,0,0,cloudy,22,1097,1468,1070,1570760,1266
2025-11-21,4,0,0,sunny,29,1291,1853,946,1752938,1500
2025-11-22,5,1,0,cloudy,30,1241,2738,1089,2981682,1500
2025-11-23,6,1,0,sunny,25,1375,3987,1166,4648842,1500
2025-11-24,0,0,0,sunny,29,1296,1820,1055,1920100,1500
2025-11-25,1,0,0,rainy,22,1080,645,986,635970,1104
2025-11-26,2,0,0,sunny,23,1203,1582,962,1521884,1491
2025-11-27,3,0,1,sunny,24,1500,4355,1101,4794855,1500
2025-11-28,4,0,0,sunny,23,1281,1831,940,1721140,1452
2025-11-29,5,1,0,cloudy,28,1231,2319,971,2251749,1500
2025-11-30,6,1,0,rainy,19,1138,1116,1142,1274472,1172
2025-12-01,0,0,0,sunny,19,1254,1554,1038,1613052,1384
2025-12-02,1,0,0,sunny,18,1167,1276,1019,1300244,1311
2025-12-03,2,0,0,sunny,25,1182,1745,1001,1746745,1500
2025-12-04,3,0,0,cloudy,22,1073,1486,930,1381980,1268
2025-12-05,4,0,0,sunny,18,1174,2030,1034,2099020,1467
2025-12-06,5,1,0,sunny,16,1468,2392,1089,2604888,1500
2025-12-07,6,1,0,sunny,15,1496,2437,1090,2656330,1500
2025-12-08,0,0,0,cloudy,15,1236,1166,1082,1261612,1264
2025-12-09,1,0,0,rainy,15,1106,597,917,547449,1029
2025-12-10,2,0,0,sunny,20,1237,1656,1083,1793448,1425
2025-12-11,3,0,0,rainy,15,1079,548,1015,556220,1015
2025-12-12,4,0,0,sunny,22,1291,2120,948,2009760,1500
2025-12-13,5,1,0,sunny,16,1415,2103,997,2096691,1500
2025-12-14,6,1,0,sunny,20,1355,3771,1086,4095306,1500
2025-12-15,0,0,0,sunny,15,1241,1183,959,1134497,1332
2025-12-16,1,0,0,sunny,24,1169,1711,976,1669936,1436
2025-12-17,2,0,0,sunny,18,1280,1580,988,1561040,1470
2025-12-18,3,0,0,cloudy,15,1204,1042,939,978438,1247
2025-12-19,4,0,0,rainy,22,1072,929,1049,974521,1099
2025-12-20,5,1,1,cloudy,16,1500,4258,1319,5616302,1500
2025-12-21,6,1,1,sunny,15,1500,4336,1228,5324608,1500
2025-12-22,0,0,1,sunny,16,1500,2914,1115,3249110,1500
2025-12-23,1,0,1,sunny,17,1500,2013,1179,2373327,1500
2025-12-24,2,0,1,sunny,20,1472,2766,1233,3410478,1500
2025-12-25,3,0,1,sunny,18,1459,4106,1091,4479646,1500
2025-12-26,4,0,1,rainy,15,1282,1259,1215,1529685,1418
2025-12-27,5,1,1,cloudy,16,1500,3723,1340,4988820,1500
2025-12-28,6,1,1,cloudy,18,1500,5000,1247,6235000,1500
2025-12-29,0,0,1,sunny,23,1424,3021,1122,3389562,1500
2025-12-30,1,0,1,sunny,19,1465,2526,1128,2849328,1500
2025-12-31,2,0,1,cloudy,17,1453,1663,1122,1865886,1500
